age,biomarker_1,biomarker_2,biomarker_3,inflammation_score,disease_status
36,0.8978,0.2732,0.352,0.9711,0
71,1.6289,-1.1394,-0.9886,0.028,1
72,-0.9701,-0.4812,0.4503,-0.2172,0
58,-0.8877,1.4378,0.0031,-0.2094,0
27,1.3358,-1.1621,-0.7498,0.3905,1
27,-0.1913,-2.1167,-0.2358,1.4012,0
48,1.4038,-1.8618,-0.1842,0.1813,1
55,-0.4425,0.0291,-0.2702,-0.9114,0
21,1.455,0.0309,1.7713,0.8244,0
61,0.1315,-0.1176,-0.0984,0.9212,0
52,0.2582,1.2142,-0.2439,0.6547,0
20,1.5647,-2.6728,-2.0975,0.7455,1
25,-0.3618,0.3959,-0.8942,-0.2709,0
47,-0.9411,1.5614,-0.2631,-0.929,0
63,-0.4486,-1.1278,-0.6859,-0.8682,0
69,0.4523,-0.3798,1.3817,-1.6355,1
45,-1.5658,-0.7529,-0.1649,0.2369,0
37,0.6375,-0.8943,1.2884,-0.0834,1
78,-0.5388,-0.3263,0.0617,-0.44,0
47,1.1478,1.4275,0.0372,-2.9556,0
38,-2.3943,1.8374,-0.0888,-1.2473,0
46,-0.7866,-0.3359,0.0038,1.1208,0
20,-1.6865,1.9051,1.7188,-0.6646,0
38,-0.8262,0.0356,-2.3196,0.3606,0
50,0.2477,1.7537,-2.0015,-1.3907,0
75,-0.1792,-0.0933,-0.5432,1.4387,1
64,-0.2534,0.1311,0.0145,-0.144,0
66,-0.1592,0.3655,0.6901,0.29,1
52,0.2034,3.1789,0.4731,2.3258,0
26,-1.0085,0.8513,-0.3842,1.5164,0
43,0.7068,-0.7073,1.019,-0.3066,1
79,0.6627,0.969,1.0302,-0.5932,0
22,0.385,-0.3618,0.1841,-0.3255,0
72,0.5565,-0.4898,0.9627,0.5099,0
61,0.2964,0.9086,0.2726,-0.1052,0
37,2.0351,0.0311,-0.5615,-0.3952,1
66,-0.0871,0.2786,0.6978,1.4672,1
70,-0.3071,0.014,0.1106,-0.1142,0
22,-0.7535,0.3366,0.0013,2.2996,0
26,-1.0323,0.425,1.473,0.0907,0
59,-1.2445,-1.937,-2.4509,1.7853,1
79,-0.8888,0.6666,-1.4177,0.3573,0
21,-0.0707,-0.982,-1.1871,0.963,0
59,0.3343,-1.4423,-0.3633,-0.7246,0
28,0.0511,-0.0584,-0.2546,-0.8538,0
59,-0.7655,0.084,-1.5073,0.4597,0
57,0.9002,-0.6935,-0.9852,0.9886,1
25,0.7394,0.831,-0.8608,0.0403,0
60,-0.1596,-1.3422,2.4574,-1.2864,0
73,-0.6529,-0.4069,1.8017,-1.3603,0
71,0.5484,-0.5849,-0.4117,-1.4271,0
21,0.188,-0.0466,-0.3636,-1.7676,0
34,-1.4481,0.2789,-1.1492,0.1095,0
34,-0.068,-1.0079,-1.9081,1.125,1
47,0.262,0.7243,-0.1169,-0.0134,0
28,-0.8997,0.063,-0.9979,-2.2604,0
71,0.1898,-1.8919,-0.0849,-0.1908,1
66,-1.4548,-1.9586,-1.6002,-0.1628,0
68,1.3362,-0.0123,-0.762,2.096,1
31,1.2479,-0.221,0.1486,-1.4571,1
20,-0.2525,-0.1034,0.3662,-0.3907,0
74,0.3635,-0.028,0.4175,1.7059,1
37,-2.4099,0.2256,-1.3205,0.45,0
59,-1.1563,0.9476,0.8547,0.5633,0
74,-0.2938,-1.1111,-0.8002,0.1146,1
22,-1.0721,-1.172,0.6329,0.3299,0
20,0.7144,-1.0933,-0.0106,0.7776,1
20,1.9973,0.2889,-1.3764,-0.8095,1
29,-1.1766,1.2449,-0.3162,0.8781,0
23,-0.8375,-0.4313,0.3654,-1.373,0
69,0.2354,-2.5017,0.613,0.3284,0
56,1.6111,-1.704,-0.141,0.1787,1
78,-1.2224,-0.833,1.5318,-0.6163,0
68,0.249,-0.5577,1.0075,-0.0227,1
77,1.8213,-0.4084,-0.2567,-0.6225,1
34,-1.6518,0.0386,0.7501,-1.0717,0
37,-1.2811,-0.3117,1.9338,-0.3536,0
70,-0.4236,1.0493,1.9605,-1.104,0
34,-0.5206,-0.676,-1.228,0.3228,0
23,0.8126,-0.8623,-0.9265,-1.1501,0
60,0.2417,0.4789,1.4849,0.712,0
68,-1.775,-1.5356,-1.0583,-1.1815,0
78,0.5154,0.3897,-1.3225,-0.5663,1
75,-0.5775,0.1026,-0.4862,-0.6246,0
27,1.2744,-0.1474,0.4202,1.3251,1
66,-0.6276,1.5883,-0.1024,0.3303,0
70,-0.6366,-0.6222,-0.6506,-0.2117,0
61,0.5411,2.0603,-0.6742,0.4987,0
69,0.7629,-0.2254,-0.7123,-2.1072,1
70,0.4481,-1.277,-0.8795,-0.0431,1
46,-1.6856,0.0699,2.2816,1.9975,1
22,0.538,-1.0762,0.2975,0.1323,0
47,-1.0343,-0.7518,0.8868,0.0679,0
32,0.2353,0.397,-0.4891,0.5481,1
26,-1.4237,0.5556,-0.186,0.8956,1
27,0.4463,-0.6222,-0.7136,-1.9975,0
61,-0.8066,0.9874,-2.6517,-1.6823,0
50,-1.2826,1.1575,-1.378,0.2103,0
52,0.7138,1.4363,-1.8106,-0.7149,0
64,0.2416,0.5294,-2.2498,1.312,0
52,-0.614,1.3634,-1.1954,-0.3152,1
57,1.4512,-1.8808,1.325,-1.9345,0
25,-0.4407,-0.3179,-0.0444,-1.268,0
71,0.0321,-0.867,1.2906,-2.7497,0
46,0.2689,0.1192,0.411,-0.2341,1
29,-0.6197,-0.5714,0.7826,-0.1884,1
68,0.4711,-0.1662,-0.9009,-0.4245,0
64,-0.5335,1.8822,0.524,1.0789,0
23,-0.4116,-0.1697,0.7287,1.1985,1
31,1.3626,0.4138,-0.5766,-0.1704,0
20,-1.0406,-0.2323,0.5595,-2.1347,0
36,-2.4128,0.0757,0.5662,0.6173,1
25,1.6109,0.006,-0.5496,0.5554,0
62,2.5493,0.4483,-1.1228,0.3094,0
51,-0.4053,1.1653,-1.1841,0.9815,0
78,-1.9368,1.6474,0.0865,-1.1648,0
64,-0.3105,0.3096,0.327,2.0088,1
56,-0.2862,0.5895,-0.7925,-0.9594,0
50,-0.1899,-1.1509,0.0266,0.7492,0
23,-1.1134,-0.0879,0.5705,-1.6873,0
24,0.5796,0.9403,0.6182,-0.9303,0
56,0.5245,0.866,1.5519,1.5164,1
20,-1.4944,0.2116,1.277,-0.2609,0
22,0.6992,0.8864,-1.0013,0.8399,0
33,2.0527,0.4908,1.6836,0.237,1
73,0.172,1.2003,-0.531,-0.105,0
47,-0.3373,0.2894,1.0449,1.3639,0
62,-0.142,-0.3557,0.068,-0.2367,1
44,0.6153,0.3358,-0.4121,-1.7807,0
30,-1.7307,-2.9306,-1.8077,-0.8032,0
42,0.1644,0.3829,-0.1716,0.5512,0
25,-0.3905,-3.6484,-1.5594,0.3955,0
66,1.8478,-1.7235,0.9673,-1.5671,1
31,-0.1742,0.4518,1.5168,-0.7243,0
42,1.6679,0.4775,-0.7969,-0.5817,0
78,-1.1037,-1.1624,0.302,-0.3655,0
55,0.5873,-0.7121,-0.7254,-1.3759,0
47,0.3194,1.3705,-0.6285,-0.6284,0
52,-0.869,-0.484,0.7745,-0.7286,0
67,0.1774,2.2429,-0.0385,0.7715,0
35,1.2125,-0.0019,1.7396,0.8091,1
58,-0.3238,0.408,-0.4822,-0.1458,0
72,-1.692,1.6169,0.9993,-0.392,0
54,-0.0176,0.131,0.0974,0.1399,0
46,-0.9024,-1.0023,0.7958,-0.8166,0
28,-0.3423,-0.1097,-0.4472,-1.1468,0
34,-0.0816,-0.0356,-0.0496,-0.9402,0
76,-1.7057,-1.3647,-0.1155,-0.6348,0
52,-1.6157,-0.2558,-0.8361,-1.1635,0
38,0.4821,-0.7422,0.6621,0.1621,0
45,-0.5227,0.9244,0.6502,0.7297,0
54,-2.5647,0.0346,0.5936,-1.5871,0
52,0.7848,-0.2828,1.537,0.0251,1
61,0.2724,-0.1062,1.4493,-0.2199,0
35,-0.7139,0.2231,-0.3749,0.3415,0
58,-1.3168,0.6168,0.3731,-0.0129,0
46,0.8358,-0.9997,-0.6236,-1.4536,1
76,0.3494,-1.0416,0.0234,-1.2624,0
29,2.3826,1.1047,-0.5997,0.0294,1
28,0.4202,-0.4123,1.6201,1.0288,1
47,0.3877,-1.4168,0.3637,-2.2142,0
50,-0.1669,0.4438,-0.218,0.3457,0
61,0.8168,0.4634,1.1936,1.1896,1
44,0.6251,-1.5307,-2.1706,-0.153,0
74,1.2517,0.2295,-2.0141,0.5502,1
48,-0.5213,0.7356,0.7958,-0.7031,0
27,-0.4354,0.3744,0.0605,-0.1194,0
27,-0.4791,0.632,0.2504,-1.6209,0
78,0.7908,-1.4043,-1.3264,-2.3443,0
28,1.4984,0.331,-0.0232,0.9428,0
76,-0.4588,-0.3026,2.0035,-0.985,0
36,-0.4248,-0.4828,0.8242,-0.4555,0
25,0.3141,0.8706,0.1697,-1.3864,0
38,-0.2458,1.4793,-0.4391,-1.41,0
56,0.9521,1.7944,-0.3946,-0.1738,0
45,-2.2518,1.3148,-2.1292,-0.7296,0
67,-0.8267,-0.1097,0.2576,0.378,0
56,-0.7824,0.3527,0.8455,0.4525,0
44,-2.3204,0.7668,-1.5756,0.3208,0
58,-0.9636,0.1212,-0.6614,0.2386,0
78,-0.9152,0.1308,-1.1575,1.5778,0
44,-0.2011,0.8238,-0.9654,-1.0676,0
29,1.113,-0.0593,0.0535,-0.0549,0
44,-0.2451,-0.7293,-2.0844,1.1327,1
70,-1.0308,-0.4145,0.6143,1.2645,1
33,-0.057,0.6339,0.7539,-1.4218,0
76,1.0492,0.003,-0.2511,-0.3124,0
55,-0.976,0.3402,-2.4807,1.3581,0
56,-0.9106,0.6701,-0.9964,0.5081,0
39,0.5585,-0.3748,1.2329,0.1953,1
75,-0.2215,0.7562,-2.778,-0.2177,0
22,0.6475,0.3788,-0.3475,-0.3838,0
37,-0.0136,-1.2348,-1.18,0.2882,1
45,0.7017,1.4423,0.8046,-0.2524,1
48,-1.0351,-0.5007,-0.6751,-0.0426,1
48,-0.0121,-1.6551,0.404,0.0786,1
28,-0.2107,-1.045,0.5655,-0.6781,0
33,-1.2159,-1.021,1.8362,0.5321,1
25,-1.5635,0.0522,-0.2029,2.9142,0
54,0.6857,-0.2739,0.376,-1.777,0
41,-0.351,-0.3368,-1.4851,0.324,0
53,-1.0223,0.6197,1.1904,-0.7602,0
55,-0.0962,0.3399,-0.7605,0.5774,0
62,1.128,0.316,-0.5608,0.0466,0
52,-2.2807,0.4098,-0.0222,0.7619,0
58,-1.4966,0.6161,-1.5629,1.1755,0
55,-0.9229,-2.108,0.2288,0.1924,1
59,1.4612,-0.3644,0.9675,1.1321,1
56,0.2826,-2.1802,0.2929,-2.3443,0
38,0.7673,0.0361,-1.5889,1.5905,0
34,-1.1402,-0.0046,-0.1238,0.3751,1
67,-1.1195,1.0455,0.742,1.0778,0
40,0.4478,1.1876,-1.878,-1.2199,0
52,0.0583,0.2028,-1.0748,-0.8308,0
31,0.5487,-0.5004,0.8765,0.1459,0
45,-0.1877,0.4852,0.2701,-0.017,0
51,0.2781,-0.5279,0.412,0.2831,1
57,0.1581,-0.0014,1.8595,1.0845,0
51,0.7778,0.9861,0.4686,-1.7652,0
41,0.807,-0.5578,0.6579,0.9738,0
77,-1.6199,0.8057,2.7107,0.0083,0
50,-2.2473,0.6774,-0.2138,-0.2038,0
68,1.0017,-0.9548,-0.7979,-1.4711,1
64,1.1877,0.9739,0.4278,0.503,0
53,-1.0206,0.6986,0.439,-2.4141,0
73,-1.8598,0.1019,-0.5267,0.6484,0
27,0.099,-0.7623,-1.0324,-1.4921,0
75,0.9308,-0.8592,2.3098,0.0535,0
71,1.7976,-0.5377,0.3268,-0.1192,1
50,0.5163,0.5426,-0.7323,1.1695,0
64,-0.3717,-0.9556,0.9159,-0.1787,1
51,-0.8931,0.4375,-0.1091,-0.6941,0
36,0.0115,-1.2418,-0.2529,-0.5066,0
67,-0.2993,-0.2041,0.5623,1.2729,1
34,-1.0151,0.1096,-1.2919,0.5363,0
38,2.0488,2.4451,0.3526,-0.3856,0
51,1.7852,-1.3773,1.913,-0.2364,1
70,1.136,1.472,0.4662,-1.5672,1
43,-0.9209,0.1498,-0.3762,0.3885,0
49,0.855,0.4112,-0.5071,-1.7598,0
22,0.6396,0.1183,-0.4103,0.7518,0
26,0.4425,0.4447,-0.254,0.1286,1
23,1.2497,-0.1537,-0.3778,2.387,1
24,0.6354,1.4541,0.9163,-1.1001,0
72,0.74,-0.4565,-1.7332,-0.1027,0
70,0.6369,1.1322,0.862,1.7983,1
69,0.3408,-0.6444,-0.3797,1.1914,1
23,-1.7836,-0.0603,0.3769,-0.6962,0
24,0.0836,-1.072,-1.127,0.224,0
36,-0.5562,0.455,1.3286,0.002,0
53,-1.2798,1.4451,1.2456,0.282,0
40,1.6818,-0.0774,0.9596,-0.6987,1
49,1.729,-0.1969,-1.5148,-0.0893,1
30,1.3592,-1.1146,0.8291,-1.5981,0
63,0.2552,-0.2293,0.4049,0.1351,1
38,1.3506,-1.5928,-1.6053,0.45,1
23,0.0121,-0.9129,-0.0243,-0.2274,0
64,0.2028,0.2268,0.3645,-1.6151,0
74,-1.0935,1.319,0.5561,0.9885,0
20,0.397,2.8092,0.1773,0.3645,0
46,0.0604,-0.5866,0.2912,-0.726,0
69,-1.3027,1.4353,1.4736,-0.2806,0
62,-0.0512,0.2438,1.226,-1.5007,0
71,-0.0797,-0.1512,-2.8671,-1.0254,0
44,1.7976,0.4326,-0.3174,-0.5378,0
42,0.8942,0.0619,-0.1647,1.2284,0
62,0.0114,0.1104,-1.7521,-0.6395,0
29,0.2488,-0.4083,0.0942,0.6402,0
34,0.0442,-1.3981,1.2488,-0.5383,0
56,-0.2029,-1.5436,-1.0866,0.2479,0
60,-1.0824,0.6532,0.3364,-0.1414,0
27,-0.1511,-0.2767,-0.9158,0.8731,0
50,-0.7461,-0.5961,-0.6719,-0.5348,0
41,-1.2503,0.0085,1.4774,-1.5725,0
50,0.5112,0.7949,-0.5426,-1.3819,0
77,0.3913,0.1804,0.4622,-0.5319,1
24,-1.7867,-0.6561,-1.8712,-1.2491,0
79,-0.1227,1.2263,1.8623,0.4102,0
46,0.9957,1.5792,0.6027,-0.4658,0
66,1.0592,0.4946,-0.1825,2.3746,1
45,1.0258,0.9737,0.5755,-1.7377,0
38,0.0389,1.242,-1.4098,0.2036,0
66,-0.845,1.1301,1.1825,-1.128,0
61,-1.0837,0.6141,-0.324,-0.4934,1
28,0.3446,0.5983,-0.2041,0.1414,0
62,0.3793,0.5197,-0.4917,-2.3254,0
65,1.2873,-1.0973,-0.5807,0.2368,1
43,1.1,0.7007,0.6947,1.9029,1
75,-0.1322,-1.3558,0.2559,-0.4534,1
58,-1.2442,-0.7946,0.6517,0.2598,1
40,-0.3191,1.3036,-0.0088,1.0249,0
20,0.2172,0.8402,0.5132,-0.164,0
60,-0.2021,1.4874,-0.4188,-0.581,0
32,-0.5779,-0.2717,2.2297,-2.2757,0
65,0.2529,-1.1522,-1.5679,0.641,1
51,-0.504,-0.2404,1.2609,-0.1132,1
48,-0.6281,0.102,1.3679,-1.0127,0
29,0.3115,0.079,-0.8522,0.1266,0
62,-0.402,1.1337,2.2293,-0.5837,0
29,0.2441,-0.3613,0.9955,-0.5284,1
