participant_id,rest_alpha_power,task_alpha_power,rest_beta_power,task_beta_power
P01,11.048,9.864,5.657,5.572
P02,8.628,9.523,4.538,7.015
P03,11.851,7.469,4.837,7.064
P04,12.193,8.995,4.818,8.431
P05,6.988,8.798,4.004,7.802
P06,8.156,8.972,5.687,7.228
P07,10.73,10.081,4.731,8.556
P08,9.931,8.98,5.212,5.373
P09,10.47,9.754,5.681,6.032
P10,8.965,8.715,5.647,5.688
P11,12.083,9.092,5.865,6.332
P12,11.9,9.673,5.102,5.148
P13,10.619,6.123,4.777,7.562
P14,12.529,8.057,5.12,6.533
P15,11.342,7.8,3.513,5.035
P16,8.953,7.514,3.753,5.581
P17,11.164,8.132,3.877,7.176
P18,8.774,11.141,4.203,7.806
P19,12.081,7.128,5.6,9.196
P20,10.41,10.246,4.295,10.297
P21,10.167,5.739,4.822,7.297
P22,9.274,8.031,6.499,5.613
P23,12.701,8.877,4.844,4.242
P24,10.222,9.597,5.938,7.121
P25,9.729,9.809,4.266,5.824
P26,9.866,9.949,4.995,6.302
P27,11.458,8.007,4.25,6.065
P28,11.158,7.814,4.861,6.631
P29,11.243,10.059,6.04,8.079
P30,11.275,8.275,3.473,6.988
P31,14.355,6.431,5.634,6.61
P32,9.768,6.673,5.438,5.557
P33,9.578,7.037,4.606,4.79
P34,9.035,9.445,3.754,6.216
P35,11.609,8.842,5.272,6.735
P36,12.532,9.774,4.671,8.922
P37,10.295,7.874,5.433,6.956
P38,8.988,8.87,5.222,7.979
P39,9.016,9.664,6.802,6.201
P40,11.671,8.074,4.961,5.378
